<?xml version="1.0" encoding="UTF-8"?>
<project-private xmlns="http://www.netbeans.org/ns/project-private/1">
    <editor-bookmarks xmlns="http://www.netbeans.org/ns/editor-bookmarks/2" lastBookmarkId="0"/>
    <open-files xmlns="http://www.netbeans.org/ns/projectui-open-files/2">
        <group>
            <file>file:/D:/Documents%20(D)/Archivos%20UMNG/TERCER%20SEMESTRE/Programación%20III%20Lab/Tercer%20Corte/Entrega%20Final/JuegoCarros/src/juegocarros/JuegoCarros.java</file>
            <file>file:/D:/Documents%20(D)/Archivos%20UMNG/TERCER%20SEMESTRE/Programación%20III%20Lab/Tercer%20Corte/Entrega%20Final/JuegoCarros/src/juegocarros/Carros.java</file>
        </group>
    </open-files>
</project-private>
